{
    "LogisticRegression": {
        "accuracy": 0.7467532467532467,
        "precision": 0.6379310344827587,
        "recall": 0.6727272727272727,
        "f1_score": 0.6548672566371682
    },
    "RandomForest": {
        "accuracy": 0.7662337662337663,
        "precision": 0.6666666666666666,
        "recall": 0.6909090909090909,
        "f1_score": 0.6785714285714286
    }
}