{
    "best_model": "DecisionTree",
    "metrics": {
        "LogisticRegression": {
            "accuracy": 0.7467532467532467,
            "precision": 0.6379310344827587,
            "recall": 0.6727272727272727,
            "f1_score": 0.6548672566371682
        },
        "RandomForest": {
            "accuracy": 0.7532467532467533,
            "precision": 0.6545454545454545,
            "recall": 0.6545454545454545,
            "f1_score": 0.6545454545454545
        },
        "SVM": {
            "accuracy": 0.7662337662337663,
            "precision": 0.7209302325581395,
            "recall": 0.5636363636363636,
            "f1_score": 0.6326530612244898
        },
        "DecisionTree": {
            "accuracy": 0.7467532467532467,
            "precision": 0.6290322580645161,
            "recall": 0.7090909090909091,
            "f1_score": 0.6666666666666666
        },
        "KNN": {
            "accuracy": 0.6623376623376623,
            "precision": 0.5245901639344263,
            "recall": 0.5818181818181818,
            "f1_score": 0.5517241379310345
        }
    }
}